{"cameraMode":{"drawMode":0,"name":"Shaded","section":"Shading Mode"},"sceneLighting":false,"audioPlay":false,"sceneViewState":{"m_AlwaysRefresh":false,"showFog":true,"showSkybox":false,"showFlares":true,"showImageEffects":true,"showParticleSystems":true,"showVisualEffectGraphs":true,"m_FxEnabled":true},"in2DMode":false,"pivot":{"x":-0.4247441291809082,"y":1.003273367881775,"z":-0.2529063820838928},"rotation":{"x":0.00020769653201568872,"y":0.9979905486106873,"z":-0.06326666474342346,"w":0.003294083522632718},"size":3.919250249862671,"orthographic":false}