{"cameraMode":{"drawMode":0,"name":"Shaded","section":"Shading Mode"},"sceneLighting":false,"audioPlay":false,"sceneViewState":{"m_AlwaysRefresh":false,"showFog":true,"showSkybox":false,"showFlares":true,"showImageEffects":true,"showParticleSystems":true,"showVisualEffectGraphs":true,"m_FxEnabled":true},"in2DMode":false,"pivot":{"x":0.03536868095397949,"y":0.3714525103569031,"z":0.017949312925338746},"rotation":{"x":-0.10944824665784836,"y":0.7024538516998291,"z":-0.11070353537797928,"w":-0.6944919228553772},"size":1.0719497203826905,"orthographic":false}